year,v3_pixels,v3_area_km2,v4_pixels,v4_area_km2,v5_pixels,v5_area_km2,ratio_v3_to_v4_area,ratio_v5_to_v4_area,v5_override_pixels,v5_override_area_km2,v5_override_fraction
1850,1355.000000,2010750.429028,1355.000000,2010750.429028,1019.000000,1508041.253726,1.000000,0.749989,336.000000,502709.175302,0.247970
1851,951.000000,1384569.725768,1223.000000,1794441.871842,740.000000,1070628.868496,0.771588,0.596636,483.000000,723813.003346,0.394930
1852,618.000000,921146.128063,983.000000,1478426.827752,495.000000,741619.298499,0.623058,0.501627,488.000000,736807.529253,0.496439
1853,729.000000,1071180.570949,1266.000000,1892211.936580,606.000000,889138.539886,0.566100,0.469894,660.000000,1003073.396694,0.521327
1854,657.000000,951818.662620,1410.000000,2096583.479291,592.000000,857284.894790,0.453986,0.408896,818.000000,1239298.584501,0.580142
1855,601.000000,865288.077320,1505.000000,2216993.029429,538.000000,773852.716495,0.390298,0.349055,967.000000,1443140.312934,0.642525
1856,415.000000,596029.265028,1273.000000,1855054.535322,389.000000,560582.684416,0.321300,0.302192,884.000000,1294471.850907,0.694423
1857,392.000000,544829.193870,1222.000000,1773846.501234,396.000000,553179.008534,0.307146,0.311853,826.000000,1220667.492700,0.675941
1858,404.000000,576376.584626,1235.000000,1812803.842389,386.000000,556631.318032,0.317948,0.307055,849.000000,1256172.524357,0.687449
1859,332.000000,475313.495162,1388.000000,2034470.638496,348.000000,500546.997095,0.233630,0.246033,1040.000000,1533923.641400,0.749280
1860,437.000000,626326.988137,1667.000000,2457196.541706,444.000000,637847.942852,0.254895,0.259584,1223.000000,1819348.598854,0.733653
1861,295.000000,411167.142702,1323.000000,1915257.164007,305.000000,426581.846544,0.214680,0.222728,1018.000000,1488675.317463,0.769463
1862,214.000000,301526.154043,1269.000000,1860318.712603,229.000000,325151.562371,0.162083,0.174783,1040.000000,1535167.150232,0.819543
1863,239.000000,353881.006062,1385.000000,2062437.550896,265.000000,394277.922672,0.171584,0.191171,1120.000000,1668159.628224,0.808664
1864,204.000000,294871.043976,1351.000000,1988040.972564,245.000000,354917.279806,0.148322,0.178526,1106.000000,1633123.692759,0.818653
1865,179.000000,254333.232280,1226.000000,1789375.441022,201.000000,291411.047490,0.142135,0.162856,1025.000000,1497964.393532,0.836052
1866,195.000000,274564.261782,1439.000000,2108615.579596,231.000000,329554.070385,0.130211,0.156289,1208.000000,1779061.509211,0.839472
1867,202.000000,294594.287687,1383.000000,2030361.431351,233.000000,335546.297302,0.145095,0.165264,1150.000000,1694815.134048,0.831526
1868,218.000000,315524.384248,1546.000000,2279858.657862,275.000000,399072.940572,0.138396,0.175043,1271.000000,1880785.717291,0.822122
1869,183.000000,259303.555907,1548.000000,2292387.794927,220.000000,318600.037613,0.113115,0.138982,1328.000000,1973787.757314,0.857881
1870,164.000000,232676.399680,1474.000000,2191162.318736,444.000000,656630.254166,0.106189,0.299672,1030.000000,1534532.064570,0.698779
1871,182.000000,251366.455331,1471.000000,2143182.652571,474.000000,677649.910017,0.117287,0.316189,997.000000,1465532.742554,0.677770
1872,133.000000,194174.690373,1321.000000,1928664.686476,418.000000,616456.206002,0.100678,0.319629,903.000000,1312208.480474,0.683573
1873,128.000000,184855.693489,1422.000000,2102308.163796,457.000000,672946.563419,0.087930,0.320099,965.000000,1429361.600377,0.678622
1874,136.000000,192550.975118,1424.000000,2107067.641274,472.000000,688604.751183,0.091383,0.326807,952.000000,1418462.890090,0.668539
1875,119.000000,154813.354506,1305.000000,1892363.887957,430.000000,607288.817568,0.081810,0.320915,875.000000,1285075.070389,0.670498
1876,103.000000,148624.351946,1426.000000,2102838.424532,425.000000,622874.869637,0.070678,0.296207,1001.000000,1479963.554895,0.701964
1877,136.000000,195453.957823,1604.000000,2361890.675677,525.000000,756851.599344,0.082753,0.320443,1079.000000,1605039.076333,0.672693
1878,98.000000,137415.413402,1371.000000,2001133.906011,389.000000,564743.614927,0.068669,0.282212,982.000000,1436390.291084,0.716265
1879,82.000000,115542.756961,1279.000000,1880291.339452,363.000000,521434.122766,0.061449,0.277316,916.000000,1358857.216685,0.716185
1880,102.000000,146959.106672,1440.000000,2108874.225043,410.000000,585866.358349,0.069686,0.277810,1030.000000,1523007.866694,0.715278
1881,111.000000,154619.707431,1445.000000,2125566.213658,400.000000,577420.158011,0.072743,0.271655,1045.000000,1548146.055647,0.723183
1882,134.000000,191383.466950,1490.000000,2197847.252224,384.000000,549647.863051,0.087078,0.250085,1106.000000,1648199.389172,0.742282
1883,105.000000,156004.249173,1532.000000,2265804.042220,346.000000,508419.729121,0.068852,0.224388,1186.000000,1757384.313099,0.774151
1884,87.000000,120493.231768,1355.000000,2008375.415763,277.000000,398998.696082,0.059995,0.198667,1078.000000,1609376.719681,0.795572
1885,105.000000,156083.440676,1456.000000,2161932.931058,323.000000,471866.293640,0.072196,0.218261,1133.000000,1690066.637417,0.778159
1886,108.000000,150413.878792,1662.000000,2438898.583120,334.000000,475250.290681,0.061673,0.194863,1328.000000,1963648.292438,0.799037
1887,82.000000,113950.673811,1443.000000,2123634.759287,259.000000,366710.247984,0.053658,0.172680,1184.000000,1756924.511304,0.820513
1888,104.000000,143351.638551,1455.000000,2106006.147573,310.000000,441363.685485,0.068068,0.209574,1145.000000,1664642.462088,0.786942
1889,152.000000,212400.297961,1678.000000,2436045.502513,336.000000,481422.585916,0.087191,0.197625,1342.000000,1954622.916597,0.799762
1890,115.000000,161035.491259,1808.000000,2641301.367279,405.000000,585395.071987,0.060968,0.221631,1403.000000,2055906.295293,0.775996
1891,97.000000,138437.555454,1606.000000,2411207.938440,354.000000,527207.636522,0.057414,0.218649,1252.000000,1884000.301918,0.779577
1892,114.000000,155216.739433,1691.000000,2498076.668921,417.000000,607028.110476,0.062134,0.242998,1274.000000,1891048.558445,0.753400
1893,89.000000,128507.174670,1460.000000,2149681.528191,380.000000,552673.196858,0.059780,0.257095,1080.000000,1597008.331333,0.739726
1894,115.000000,163360.495145,1668.000000,2475081.117541,458.000000,674358.213167,0.066002,0.272459,1210.000000,1800722.904374,0.725420
1895,120.000000,170292.225146,1684.000000,2519255.269287,467.000000,683424.210299,0.067596,0.271280,1217.000000,1835831.058988,0.722684
1896,118.000000,169865.364393,1676.000000,2476797.675933,453.000000,661564.169444,0.068583,0.267105,1223.000000,1815233.506489,0.729714
1897,133.000000,195001.101800,1834.000000,2723817.340694,526.000000,775359.407288,0.071591,0.284659,1308.000000,1948457.933406,0.713195
1898,120.000000,172264.915537,1610.000000,2369808.688152,418.000000,608285.169854,0.072691,0.256681,1192.000000,1761523.518297,0.740373
1899,112.000000,153766.558219,1705.000000,2520966.814597,414.000000,596733.435414,0.060995,0.236708,1291.000000,1924233.379183,0.757185
1900,148.000000,208897.503645,1769.000000,2584140.151163,458.000000,662503.010023,0.080838,0.256373,1311.000000,1921637.141140,0.741097
1901,85.000000,116892.413918,1568.000000,2295672.295510,402.000000,567780.821571,0.050919,0.247327,1166.000000,1727891.473939,0.743622
1902,116.000000,166663.545896,2091.000000,3107251.857463,487.000000,701456.210826,0.053637,0.225748,1604.000000,2405795.646637,0.767097
1903,117.000000,162752.879948,1721.000000,2508387.512657,400.000000,569108.365393,0.064883,0.226882,1321.000000,1939279.147265,0.767577
1904,102.000000,148166.850385,1670.000000,2443164.807418,357.000000,512220.816431,0.060645,0.209655,1313.000000,1930943.990986,0.786228
1905,101.000000,145638.320869,1739.000000,2570361.384424,366.000000,535396.865470,0.056661,0.208296,1373.000000,2034964.518954,0.789534
1906,129.000000,188905.542255,2005.000000,2989700.588650,426.000000,619037.218242,0.063185,0.207057,1579.000000,2370663.370407,0.787531
1907,84.000000,115837.331136,1665.000000,2471855.692599,293.000000,420635.451440,0.046862,0.170170,1372.000000,2051220.241159,0.824024
1908,105.000000,147485.100801,1810.000000,2678224.269614,368.000000,528637.401451,0.055068,0.197384,1442.000000,2149586.868163,0.796685
1909,99.000000,140332.648222,1927.000000,2857464.648622,333.000000,479075.106708,0.049111,0.167657,1594.000000,2378389.541914,0.827193
1910,75.000000,108102.446384,1759.000000,2665712.977777,321.000000,479180.832446,0.040553,0.179757,1438.000000,2186532.145331,0.817510
1911,63.000000,90216.370914,1701.000000,2530800.014231,327.000000,474129.536909,0.035647,0.187344,1374.000000,2056670.477322,0.807760
1912,89.000000,127434.716374,2098.000000,3155963.877864,436.000000,642303.431708,0.040379,0.203521,1662.000000,2513660.446156,0.792183
1913,122.000000,173382.692662,2144.000000,3179983.171046,481.000000,711059.961414,0.054523,0.223605,1663.000000,2468923.209632,0.775653
1914,92.000000,133487.630785,1681.000000,2515351.394463,366.000000,536146.985210,0.053069,0.213150,1315.000000,1979204.409253,0.782272
1915,94.000000,136677.875783,1844.000000,2731819.425530,409.000000,598336.523534,0.050032,0.219025,1435.000000,2133482.901995,0.778200
1916,131.000000,192123.398899,2104.000000,3161669.585610,520.000000,777255.271984,0.060766,0.245837,1584.000000,2384414.313626,0.752852
1917,91.000000,122505.647815,1890.000000,2803981.532924,457.000000,648752.039581,0.043690,0.231368,1433.000000,2155229.493343,0.758201
1918,87.000000,125925.640675,1743.000000,2603007.327292,413.000000,603865.804252,0.048377,0.231988,1330.000000,1999141.523041,0.763052
1919,94.000000,130416.685076,1897.000000,2821225.481555,464.000000,675768.455658,0.046227,0.239530,1433.000000,2145457.025896,0.755403
1920,98.000000,135138.347198,1823.000000,2667632.155146,435.000000,620375.606885,0.050659,0.232557,1388.000000,2047256.548261,0.761382
1921,102.000000,141817.363937,2190.000000,3292720.190741,456.000000,663675.079600,0.043070,0.201558,1734.000000,2629045.111141,0.791781
1922,105.000000,146952.432808,2069.000000,3115106.025097,469.000000,679514.638882,0.047174,0.218135,1600.000000,2435591.386215,0.773320
1923,92.000000,135751.363388,1865.000000,2801026.452208,402.000000,588602.064342,0.048465,0.210138,1463.000000,2212424.387866,0.784450
1924,78.000000,111068.066488,1940.000000,2888966.786829,420.000000,608267.773995,0.038446,0.210549,1520.000000,2280699.012834,0.783505
1925,91.000000,132778.675146,2099.000000,3112920.530233,423.000000,599843.409126,0.042654,0.192695,1676.000000,2513077.121106,0.798475
1926,89.000000,125389.083504,2112.000000,3146833.500197,430.000000,619047.186116,0.039846,0.196721,1682.000000,2527786.314081,0.796402
1927,110.000000,162997.176090,2227.000000,3356170.526982,440.000000,653859.441498,0.048566,0.194823,1787.000000,2702311.085484,0.802425
1928,111.000000,157059.847893,1937.000000,2875275.089232,384.000000,550552.681880,0.054624,0.191478,1553.000000,2324722.407352,0.801755
1929,74.000000,103399.825063,2381.000000,3565669.266460,391.000000,560611.292085,0.028999,0.157225,1990.000000,3005057.974375,0.835783
1930,118.000000,158775.683991,2515.000000,3733526.691102,476.000000,674279.738639,0.042527,0.180601,2039.000000,3059246.952462,0.810736
1931,87.000000,120364.749480,2182.000000,3220247.472719,388.000000,549877.874654,0.037377,0.170756,1794.000000,2670369.598065,0.822181
1932,124.000000,173112.107619,2339.000000,3505854.658952,491.000000,717331.292098,0.049378,0.204610,1848.000000,2788523.366854,0.790081
1933,92.000000,126420.156712,2230.000000,3345797.296848,387.000000,568938.401318,0.037785,0.170046,1843.000000,2776858.895530,0.826457
1934,112.000000,160158.864829,2108.000000,3120442.143854,446.000000,655349.782837,0.051326,0.210018,1662.000000,2465092.361017,0.788425
1935,89.000000,124795.559744,2178.000000,3266224.889483,413.000000,610633.563189,0.038208,0.186954,1765.000000,2655591.326293,0.810376
1936,74.000000,103744.831922,2080.000000,3110085.015367,411.000000,607696.079145,0.033358,0.195395,1669.000000,2502388.936222,0.802404
1937,70.000000,98907.401858,2185.000000,3261243.658067,430.000000,633227.110772,0.030328,0.194167,1755.000000,2628016.547295,0.803204
1938,72.000000,98522.209481,2158.000000,3192334.263184,451.000000,647663.313860,0.030862,0.202881,1707.000000,2544670.949324,0.791010
1939,89.000000,121988.992964,2750.000000,4056960.974495,580.000000,841073.461376,0.030069,0.207316,2170.000000,3215887.513118,0.789091
1940,86.000000,119147.850413,2123.000000,3181296.474639,416.000000,609768.805614,0.037453,0.191673,1707.000000,2571527.669025,0.804051
1941,78.000000,110282.414821,2416.000000,3577658.377035,473.000000,685675.987166,0.030825,0.191655,1943.000000,2891982.389869,0.804222
1942,64.000000,88207.409435,2196.000000,3291634.742806,382.000000,552439.183095,0.026797,0.167831,1814.000000,2739195.559712,0.826047
1943,92.000000,127094.755427,2376.000000,3513776.056973,458.000000,658294.025463,0.036170,0.187347,1918.000000,2855482.031510,0.807239
1944,86.000000,120458.186332,2328.000000,3527079.110973,437.000000,629725.107608,0.034152,0.178540,1891.000000,2897354.003366,0.812285
1945,94.000000,133672.353287,2318.000000,3466812.037978,449.000000,649846.442451,0.038558,0.187448,1869.000000,2816965.595526,0.806299
1946,79.000000,110248.003857,2375.000000,3562255.468055,433.000000,619544.336679,0.030949,0.173919,1942.000000,2942711.131375,0.817684
1947,77.000000,103804.854904,2423.000000,3641451.537831,437.000000,634058.564681,0.028506,0.174122,1986.000000,3007392.973149,0.819645
1948,82.000000,119192.599796,2617.000000,3929170.594710,481.000000,700438.551066,0.030335,0.178266,2136.000000,3228732.043644,0.816202
1949,88.000000,122041.749777,2434.000000,3670118.558451,439.000000,634238.337716,0.033253,0.172811,1995.000000,3035880.220734,0.819638
1950,80.000000,109782.001205,2442.000000,3634540.722655,416.000000,598116.482179,0.030205,0.164565,2026.000000,3036424.240475,0.829648
1951,110.000000,151817.008081,2658.000000,3954649.353960,536.000000,766192.835126,0.038389,0.193745,2122.000000,3188456.518834,0.798345
1952,76.000000,103504.944505,2547.000000,3799081.263499,456.000000,655654.046961,0.027245,0.172582,2091.000000,3143427.216538,0.820966
1953,93.000000,128793.266911,2485.000000,3720996.351996,394.000000,572066.050110,0.034613,0.153740,2091.000000,3148930.301885,0.841449
1954,82.000000,114601.986343,2548.000000,3796692.931655,471.000000,680611.818810,0.030185,0.179264,2077.000000,3116081.112845,0.815149
1955,83.000000,114997.855071,3079.000000,4560745.599695,541.000000,781171.048206,0.025215,0.171281,2538.000000,3779574.551489,0.824294
1956,67.000000,89708.508987,2415.000000,3534223.156594,423.000000,599984.755487,0.025383,0.169764,1992.000000,2934238.401107,0.824845
1957,88.000000,127321.832641,2870.000000,4313224.343094,530.000000,794410.390033,0.029519,0.184180,2340.000000,3518813.953061,0.815331
1958,68.000000,98784.233483,2667.000000,3942427.610079,461.000000,666585.365671,0.025057,0.169080,2206.000000,3275842.244408,0.827147
1959,58.000000,84558.178947,2796.000000,4202994.341290,502.000000,745810.903231,0.020119,0.177448,2294.000000,3457183.438059,0.820458
1960,78.000000,108808.788143,2629.000000,3958644.891003,461.000000,678513.566472,0.027486,0.171400,2168.000000,3280131.324531,0.824648
1961,80.000000,109907.983955,2792.000000,4101303.619541,498.000000,717567.703183,0.026798,0.174961,2294.000000,3383735.916357,0.821633
1962,74.000000,99726.628634,2490.000000,3671394.555531,412.000000,584570.247175,0.027163,0.159223,2078.000000,3086824.308356,0.834538
1963,71.000000,101839.479834,2731.000000,4053333.142530,465.000000,670455.255550,0.025125,0.165408,2266.000000,3382877.886980,0.829733
1964,74.000000,101873.958102,2989.000000,4492394.094028,483.000000,708717.927985,0.022677,0.157760,2506.000000,3783676.166043,0.838407
1965,63.000000,86685.120998,2711.000000,4071724.595599,446.000000,653387.493969,0.021290,0.160469,2265.000000,3418337.101630,0.835485
1966,64.000000,88501.563755,3031.000000,4530186.172469,483.000000,696679.368300,0.019536,0.153786,2548.000000,3833506.804169,0.840647
1967,58.000000,82397.837549,2729.000000,4118804.572823,434.000000,630288.131272,0.020005,0.153027,2295.000000,3488516.441551,0.840967
1968,55.000000,74304.012106,2806.000000,4200470.422253,429.000000,621679.698047,0.017689,0.148002,2377.000000,3578790.724207,0.847113
1969,53.000000,69419.522993,2930.000000,4410436.568521,476.000000,688324.775192,0.015740,0.156067,2454.000000,3722111.793329,0.837543
1970,65.000000,88123.973637,2986.000000,4499383.671667,452.000000,649980.204013,0.019586,0.144460,2534.000000,3849403.467654,0.848627
1971,60.000000,81310.708221,2913.000000,4348077.807793,465.000000,657949.767776,0.018700,0.151320,2448.000000,3690128.040017,0.840371
1972,67.000000,89729.656432,3013.000000,4428074.543828,535.000000,758131.129495,0.020264,0.171210,2478.000000,3669943.414334,0.822436
1973,51.000000,69063.860536,2907.000000,4338240.732633,448.000000,644663.279899,0.015920,0.148600,2459.000000,3693577.452735,0.845889
1974,52.000000,74984.171114,2828.000000,4246202.648073,430.000000,633818.338555,0.017659,0.149267,2398.000000,3612384.309518,0.847949
1975,64.000000,88882.775132,2919.000000,4366145.455600,497.000000,720451.141059,0.020357,0.165009,2422.000000,3645694.314541,0.829736
1976,51.000000,69162.483376,2936.000000,4390013.650517,459.000000,661937.800430,0.015755,0.150783,2477.000000,3728075.850087,0.843665
1977,51.000000,67885.774053,3237.000000,4778487.706341,550.000000,790775.890940,0.014207,0.165487,2687.000000,3987711.815401,0.830090
1978,66.000000,89801.794877,2881.000000,4297094.079418,476.000000,686863.983026,0.020898,0.159844,2405.000000,3610230.096393,0.834780
1979,60.000000,87375.800126,3093.000000,4644934.493498,573.000000,844286.201266,0.018811,0.181765,2520.000000,3800648.292233,0.814743
1980,57.000000,81207.743857,3006.000000,4502502.896008,502.000000,736669.003819,0.018036,0.163613,2504.000000,3765833.892189,0.833001
1981,43.000000,58552.404054,3212.000000,4759838.851822,518.000000,747364.158906,0.012301,0.157015,2694.000000,4012474.692916,0.838730
1982,47.000000,61083.404933,2650.000000,3919368.594791,416.000000,590068.179221,0.015585,0.150552,2234.000000,3329300.415570,0.843019
1983,51.000000,68563.921799,3193.000000,4782006.500000,487.000000,712705.189486,0.014338,0.149039,2706.000000,4069301.310513,0.847479
1984,48.000000,70669.167482,2914.000000,4376618.303081,450.000000,659556.205446,0.016147,0.150700,2464.000000,3717062.097636,0.845573
1985,67.000000,94259.726392,3244.000000,4854929.577838,521.000000,752998.398672,0.019415,0.155100,2723.000000,4101931.179166,0.839396
1986,70.000000,95312.331735,3203.000000,4780806.326222,503.000000,731266.984692,0.019936,0.152959,2700.000000,4049539.341530,0.842960
1987,54.000000,73235.151418,2974.000000,4442407.089703,434.000000,628242.182358,0.016485,0.141419,2540.000000,3814164.907345,0.854069
1988,60.000000,82069.464819,3355.000000,5023008.525119,532.000000,769444.741385,0.016339,0.153184,2823.000000,4253563.783734,0.841431
1989,43.000000,57621.225847,2887.000000,4322966.678893,429.000000,621718.192068,0.013329,0.143817,2458.000000,3701248.486824,0.851403
1990,53.000000,74078.477269,3292.000000,4938370.396185,539.000000,785717.064410,0.015001,0.159105,2753.000000,4152653.331775,0.836270
1991,67.000000,91723.827744,3104.000000,4600975.657891,471.000000,673577.658162,0.019936,0.146399,2633.000000,3927397.999729,0.848260
1992,37.000000,56145.485824,3111.000000,4674793.695829,471.000000,692423.122590,0.012010,0.148118,2640.000000,3982370.573239,0.848602
1993,55.000000,77827.461617,3333.000000,4994815.342933,505.000000,730348.989233,0.015582,0.146221,2828.000000,4264466.353699,0.848485
1994,52.000000,71999.124118,3153.000000,4694784.316335,453.000000,648907.870751,0.015336,0.138219,2700.000000,4045876.445585,0.856327
1995,57.000000,75559.629407,3281.000000,4919088.747619,504.000000,730777.473153,0.015360,0.148560,2777.000000,4188311.274466,0.846388
1996,58.000000,74736.032527,3529.000000,5200118.709971,527.000000,744058.687865,0.014372,0.143085,3002.000000,4456060.022106,0.850666
1997,46.000000,66911.816717,3473.000000,5181662.551087,487.000000,711295.438523,0.012913,0.137272,2986.000000,4470367.112564,0.859775
1998,54.000000,73144.581228,3205.000000,4755207.335084,466.000000,665672.627838,0.015382,0.139988,2739.000000,4089534.707247,0.854602
1999,54.000000,71470.451222,3322.000000,4996055.435023,510.000000,746647.260605,0.014305,0.149447,2812.000000,4249408.174418,0.846478
2000,51.000000,66576.646954,3355.000000,5021548.098956,555.000000,798099.707776,0.013258,0.158935,2800.000000,4223448.391180,0.834575
